{"cam_K": [645.408447265625, 0.0, 628.2032470703125, 0.0, 645.0663452148438, 364.767822265625, 0.0, 0.0, 1.0], "depth_scale": 0.09999999747378752}